{"ArrivalTime":[0.30000001192092898,0.821739137172699,0.821739137172699,1.3434782028198243,1.8652174472808838,1.8652174472808838,2.3869564533233644,2.908695697784424,2.908695697784424,3.4304347038269045,3.952173948287964,3.952173948287964,4.473913192749023,4.995652198791504,4.995652198791504,5.517391204833984,6.039130210876465,6.039130210876465,6.5608696937561039,7.082608699798584,7.082608699798584,7.6043477058410648,8.126087188720704,8.126087188720704,8.647826194763184,9.169565200805664,9.691304206848145,10.213043212890625,10.734782218933106,11.256521224975586,11.778261184692383,12.300000190734864,12.821739196777344,13.343478202819825,13.865217208862305,14.386956214904786,14.908695220947266,15.430434226989746,15.952174186706543,16.473913192749025,16.995651245117189,17.517391204833986,18.03913116455078,18.560869216918947,19.082609176635743,19.604347229003908,20.126087188720704,20.647825241088868,21.169565200805665,21.691303253173829,22.213043212890626,22.734783172607423,23.256521224975587,23.778261184692384,24.299999237060548,24.821739196777345,25.343477249145509,25.865217208862306],"NoteType":[0,0,1,0,0,1,0,0,1,0,0,1,0,0,1,0,0,1,0,0,1,0,0,1,0,0,0,0,0,0,0,0,0,0,0,0,0,0,0,0,0,0,0,0,0,0,0,0,0,0,0,0,0,0,0,0,0,0],"ActivateNoteNum":[0,2,3,4,6,7,8,10,11,12,14,15,16,18,19,20,22,23,24,26,27,28,30,31,32,34,36,38,40,42,44,46,48,50,52,54,56,58,60,62,64,66,68,70,72,74,76,78,80,82,84,86,88,90,92,94,96,98]}